frame,timestamp_ns,raw_z,z_filt,w_px,conf
0,1783399590516538152,,,,
5,1783399590668775423,,,,
10,1783399590836945047,,,,
15,1783399591004144881,,,,
20,1783399591169038240,,,,
25,1783399591336420099,,,,
30,1783399591504986215,,,,
35,1783399591669034571,,,,
40,1783399591836943891,,,,
45,1783399592004782247,,,,
50,1783399592168786950,,,,
55,1783399592336946564,,,,
60,1783399592504932229,,,,
65,1783399592668965386,,,,
70,1783399592837001387,,,,
75,1783399593004961092,,,,
80,1783399593167313461,,,,
85,1783399593336675076,,,,
90,1783399593504782872,,,,
95,1783399593668932700,,,,
100,1783399593836623254,,,,
105,1783399594004771418,,,,
110,1783399594168797081,,,,
115,1783399594336876313,,,,
120,1783399594504830429,,,,
125,1783399594668865600,,,,
130,1783399594836775752,,,,
135,1783399595001113156,,,,
140,1783399595168876920,,,,
145,1783399595336777473,,,,
150,1783399595500714137,,,,
155,1783399595667981600,,,,
160,1783399595836780357,,,,
165,1783399596000244484,,,,
170,1783399596168591153,,,,
175,1783399596336815952,,,,
180,1783399596500432519,,,,
185,1783399596668334975,,,,
190,1783399596836752449,,,,
195,1783399597000701929,,,,
200,1783399597168650994,,,,
205,1783399597346746808,,,,
210,1783399597500903240,,,,
215,1783399597668323713,,,,
220,1783399597836258191,,,,
225,1783399598000512899,,,,
230,1783399598169996135,,,,
235,1783399598336834913,,,,
240,1783399598500434898,,,,
245,1783399598668426344,,,,
250,1783399598836955630,,,,
255,1783399599000939394,,,,
260,1783399599168599351,,,,
265,1783399599336868363,,,,
270,1783399599500890800,,,,
275,1783399599668623715,,,,
280,1783399599836961679,,,,
285,1783399600001400064,,,,
290,1783399600168618113,,,,
295,1783399600336780733,,,,
300,1783399600499671023,,,,
305,1783399600668872554,,,,
310,1783399600837149472,3.808,,50.8,0.439
315,1783399601000861159,4.530,4.169,42.7,0.522
320,1783399601168793142,,4.169,,
325,1783399601336597934,,4.169,,
330,1783399601511894267,,4.169,,
335,1783399601670164602,,4.169,,
340,1783399601837802036,,4.169,,
345,1783399602002478774,,4.169,,
350,1783399602169651146,,4.169,,
355,1783399602336899793,,,,
360,1783399602502201526,,,,
365,1783399602669868927,,,,
370,1783399602836910140,,,,
375,1783399603012174072,,,,
380,1783399603169886238,,,,
385,1783399603336938453,,,,
390,1783399603500790356,,,,
395,1783399603669874144,,,,
400,1783399603837776982,,,,
405,1783399604001721300,,,,
410,1783399604169019832,,,,
415,1783399604337732497,,,,
420,1783399604501439745,,,,
425,1783399604669811553,,,,
430,1783399604837848505,,,,
435,1783399605001721528,,,,
440,1783399605169727642,,,,
445,1783399605348020508,,,,
450,1783399605500625266,,,,
455,1783399605668715048,,,,
460,1783399605848008715,,,,
465,1783399606011724470,,,,
470,1783399606179464820,,,,
475,1783399606348135343,,,,
480,1783399606511382470,,,,
485,1783399606670243796,,,,
490,1783399606847675019,,,,
495,1783399607011636840,,,,
500,1783399607170333835,,,,
505,1783399607337504925,,,,
510,1783399607501691332,,,,
515,1783399607669411985,,,,
520,1783399607837778402,,,,
525,1783399608011384750,,,,
530,1783399608169634716,,,,
535,1783399608337676377,,,,
540,1783399608501784516,,,,
545,1783399608669285231,,,,
550,1783399608837235910,,,,
555,1783399609001797058,,,,
560,1783399609169069490,,,,
565,1783399609337949712,,,,
570,1783399609511801756,,,,
575,1783399609680459275,,,,
580,1783399609837832198,,,,
585,1783399610001462911,,,,
590,1783399610169151863,,,,
595,1783399610337868475,,,,
600,1783399610501911651,,,,
605,1783399610669453414,,,,
610,1783399610836936055,,,,
615,1783399611001526619,,,,
620,1783399611180018985,,,,
625,1783399611338021322,,,,
630,1783399611501691581,6.807,,28.4,0.411
635,1783399611670070192,6.125,6.466,31.6,0.693
640,1783399611832968035,6.572,6.572,29.4,0.594
645,1783399612012623777,6.298,6.435,30.7,0.592
650,1783399612169918241,,6.435,,
655,1783399612333936169,6.986,6.572,27.7,0.458
660,1783399612501904050,6.841,6.572,28.3,0.498
665,1783399612669129712,5.912,6.572,32.7,0.421
670,1783399612833972535,,6.572,,
675,1783399613001326572,,6.572,,
680,1783399613169045441,6.579,6.579,29.4,0.377
685,1783399613333978475,5.695,6.579,34.0,0.614
690,1783399613501694829,6.096,6.096,31.7,0.626
695,1783399613669968450,6.074,6.074,31.9,0.659
700,1783399613834061250,6.013,6.074,32.2,0.550
705,1783399614001913632,6.189,6.074,31.3,0.558
710,1783399614169976073,5.809,6.074,33.3,0.392
715,1783399614333974283,,6.074,,
720,1783399614500644923,6.222,6.074,31.1,0.544
725,1783399614670064137,4.969,6.013,38.9,0.511
730,1783399614833563161,,6.013,,
735,1783399615001943575,,6.013,,
740,1783399615179413060,5.525,5.809,35.0,0.646
745,1783399615343883837,,5.809,,
750,1783399615500949947,,5.809,,
755,1783399615670274131,,5.809,,
760,1783399615833573777,,5.809,,
765,1783399616002290649,,5.809,,
770,1783399616169153434,,5.809,,
775,1783399616343771882,,5.809,,
780,1783399616512504384,,,,
785,1783399616680569700,,,,
790,1783399616842814675,,,,
795,1783399617011440334,6.692,,28.9,0.488
800,1783399617168126724,,,,
805,1783399617332111169,,,,
810,1783399617511356423,,,,
815,1783399617680565849,,,,
820,1783399617843615872,2.979,4.835,65.0,0.578
825,1783399618011715623,,4.835,,
830,1783399618179479096,,4.835,,
835,1783399618344234574,2.672,2.979,72.4,0.423
840,1783399618510930012,3.021,3.000,64.0,0.585
845,1783399618680413217,2.478,2.979,78.1,0.381
850,1783399618843499278,,2.979,,
855,1783399619012448099,,2.979,,
860,1783399619180337572,,2.979,,
865,1783399619343608944,,2.979,,
870,1783399619512267716,3.188,2.979,60.7,0.554
875,1783399619670071516,,2.979,,
880,1783399619832562367,2.610,2.672,74.1,0.716
885,1783399620011366674,2.397,2.610,80.7,0.355
890,1783399620169009119,,2.610,,
895,1783399620332624504,2.523,2.523,76.7,0.670
900,1783399620500416451,2.354,2.523,82.2,0.385
905,1783399620680374466,2.581,2.523,75.0,0.519
910,1783399620834280253,2.672,2.523,72.4,0.768
915,1783399621002299672,2.817,2.581,68.7,0.680
920,1783399621170537655,2.919,2.672,66.3,0.655
925,1783399621334275192,2.535,2.672,76.3,0.789
930,1783399621501995464,3.158,2.817,61.3,0.733
935,1783399621670326825,2.766,2.817,70.0,0.722
940,1783399621834305689,3.042,2.919,63.6,0.612
945,1783399622001856759,2.954,2.954,65.5,0.754
950,1783399622170162360,2.844,2.954,68.0,0.720
955,1783399622333369611,3.536,2.954,54.7,0.528
960,1783399622502339383,2.667,2.954,72.6,0.450
965,1783399622670283969,2.725,2.844,71.0,0.710
970,1783399622833612209,2.517,2.725,76.9,0.646
975,1783399623001871312,2.615,2.667,74.0,0.613
980,1783399623170162306,2.474,2.615,78.2,0.709
985,1783399623334229307,6.027,2.615,32.1,0.378
990,1783399623502285175,5.997,2.615,32.3,0.491
995,1783399623669383487,2.474,2.615,78.2,0.470
1000,1783399623833781255,2.577,2.577,75.1,0.471
1005,1783399624002413516,5.731,5.731,33.8,0.538
1010,1783399624170098431,2.582,2.582,75.0,0.605
1015,1783399624333801481,6.513,2.582,29.7,0.631
1020,1783399624512914855,2.408,2.582,80.3,0.610
1025,1783399624669357854,2.187,2.582,88.5,0.693
1030,1783399624833307513,2.156,2.408,89.7,0.702
1035,1783399625002117843,2.183,2.187,88.6,0.750
1040,1783399625168704965,2.325,2.187,83.2,0.686
1045,1783399625333865791,9.063,2.187,21.4,0.719
1050,1783399625502370782,2.166,2.183,89.3,0.799
1055,1783399625670362959,2.161,2.183,89.5,0.743
1060,1783399625834007689,2.080,2.166,93.0,0.692
1065,1783399626001385641,1.927,2.161,100.4,0.730
1070,1783399626169376898,1.913,2.080,101.2,0.762
1075,1783399626333984334,1.993,1.993,97.1,0.676
1080,1783399626502229812,1.923,1.927,100.6,0.673
1085,1783399626669203978,1.767,1.923,109.5,0.780
1090,1783399626843718078,1.736,1.913,111.5,0.772
1095,1783399627002344818,1.652,1.767,117.2,0.772
1100,1783399627170013672,1.744,1.744,111.0,0.750
1105,1783399627334252780,1.532,1.736,126.3,0.682
1110,1783399627511628167,1.623,1.652,119.2,0.688
1115,1783399627670138097,1.663,1.652,116.4,0.776
1120,1783399627833368581,1.575,1.623,122.8,0.797
1125,1783399628012097977,1.558,1.575,124.2,0.777
1130,1783399628169894213,1.485,1.575,130.3,0.826
1135,1783399628332069095,1.465,1.558,132.1,0.821
1140,1783399628510542175,1.474,1.485,131.3,0.804
1145,1783399628669909581,1.470,1.474,131.7,0.772
1150,1783399628833805818,1.504,1.474,128.6,0.800
1155,1783399629001276436,1.550,1.474,124.9,0.798
1160,1783399629169020192,1.491,1.491,129.8,0.800
1165,1783399629333879426,1.505,1.504,128.6,0.817
1170,1783399629501783126,1.554,1.505,124.5,0.746
1175,1783399629676368019,1.578,1.550,122.6,0.705
1180,1783399629835473979,1.584,1.554,122.1,0.643
1185,1783399630012438095,1.624,1.578,119.1,0.779
1190,1783399630166176563,1.503,1.578,128.8,0.396
1195,1783399630334507573,1.613,1.584,120.0,0.649
1200,1783399630511865106,1.875,1.613,103.2,0.378
1205,1783399630676585908,1.841,1.624,105.1,0.578
1210,1783399630834437429,2.033,1.841,95.2,0.538
1215,1783399631002487205,1.859,1.859,104.1,0.751
1220,1783399631166529309,1.622,1.859,119.3,0.713
1225,1783399631331783433,1.921,1.859,100.8,0.724
1230,1783399631500220985,1.968,1.921,98.3,0.824
1235,1783399631664844652,1.918,1.918,100.9,0.816
1240,1783399631844536253,1.959,1.921,98.8,0.745
1245,1783399632001296374,2.002,1.959,96.7,0.767
1250,1783399632165185848,2.008,1.968,96.4,0.775
1255,1783399632334382019,1.889,1.959,102.4,0.554
1260,1783399632502290508,1.970,1.970,98.2,0.363
1265,1783399632666334034,1.969,1.970,98.3,0.713
1270,1783399632834558702,2.140,1.970,90.4,0.725
1275,1783399633013087197,1.961,1.969,98.7,0.775
1280,1783399633166502231,1.780,1.969,108.7,0.544
1285,1783399633334488397,1.894,1.961,102.2,0.430
1290,1783399633502490262,,1.961,,
1295,1783399633666495586,1.874,1.894,103.2,0.794
1300,1783399633834434663,1.934,1.894,100.1,0.587
1305,1783399634001557761,1.809,1.874,107.0,0.750
1310,1783399634165927257,1.828,1.874,105.9,0.768
1315,1783399634344925933,1.758,1.828,110.1,0.494
1320,1783399634513274896,,1.828,,
1325,1783399634666230249,1.914,1.828,101.1,0.546
1330,1783399634845081606,2.089,1.828,92.6,0.669
1335,1783399635002297300,,1.828,,
1340,1783399635166571685,2.229,1.914,86.8,0.683
1345,1783399635334505712,2.036,2.036,95.0,0.577
1350,1783399635502533296,2.084,2.084,92.8,0.446
1355,1783399635677166011,,2.084,,
1360,1783399635834348753,,2.084,,
1365,1783399636001436114,1.662,2.084,116.4,0.356
1370,1783399636165397144,,2.084,,
1375,1783399636334128494,1.747,2.036,110.8,0.711
1380,1783399636501367142,,2.036,,
1385,1783399636665931016,1.512,1.747,128.0,0.399
1390,1783399636834490440,,1.747,,
1395,1783399637001414210,,1.747,,
1400,1783399637165589807,,1.747,,
1405,1783399637334411327,1.707,1.707,113.3,0.661
1410,1783399637502426679,1.773,1.707,109.2,0.453
1415,1783399637665318912,1.741,1.741,111.2,0.426
1420,1783399637833938740,1.922,1.741,100.7,0.758
1425,1783399638012007934,1.861,1.773,104.0,0.691
1430,1783399638176673219,1.912,1.861,101.2,0.835
1435,1783399638344397478,2.262,1.912,85.6,0.421
1440,1783399638502405426,1.876,1.912,103.2,0.542
1445,1783399638665511945,1.914,1.912,101.1,0.422
1450,1783399638834101906,2.030,1.914,95.3,0.691
1455,1783399639002500114,2.133,2.030,90.7,0.671
1460,1783399639166426929,2.000,2.000,96.8,0.643
1465,1783399639333889381,2.223,2.030,87.0,0.698
1470,1783399639502054397,2.136,2.133,90.6,0.760
1475,1783399639665902282,2.106,2.133,91.9,0.683
1480,1783399639844859480,2.388,2.136,81.0,0.666
1485,1783399640002129087,2.347,2.223,82.5,0.768
1490,1783399640166487070,2.292,2.292,84.4,0.794
1495,1783399640334068017,2.333,2.333,83.0,0.697
1500,1783399640502737450,2.240,2.333,86.4,0.701
1505,1783399640666395114,2.352,2.333,82.3,0.774
1510,1783399640834364098,2.313,2.313,83.7,0.815
1515,1783399641001980141,2.326,2.326,83.2,0.816
1520,1783399641176969422,2.332,2.326,83.0,0.770
1525,1783399641334075178,2.356,2.332,82.1,0.778
1530,1783399641502607490,2.254,2.326,85.8,0.785
1535,1783399641666396253,2.121,2.326,91.2,0.795
1540,1783399641833989344,2.177,2.254,88.9,0.742
1545,1783399642002660970,2.223,2.223,87.1,0.785
1550,1783399642166591612,2.314,2.223,83.6,0.789
1555,1783399642334116312,2.601,2.223,74.4,0.760
1560,1783399642502565456,2.508,2.314,77.1,0.785
1565,1783399642666356605,2.547,2.508,76.0,0.806
1570,1783399642834399709,2.079,2.508,93.1,0.771
1575,1783399643002728013,2.198,2.508,88.0,0.807
1580,1783399643165597853,2.295,2.295,84.3,0.807
1585,1783399643345073335,2.352,2.295,82.3,0.795
1590,1783399643502764341,2.181,2.198,88.7,0.771
1595,1783399643666620933,2.323,2.295,83.3,0.775
1600,1783399643834675418,2.417,2.323,80.0,0.778
1605,1783399644002595849,2.051,2.323,94.4,0.816
1610,1783399644165646702,2.097,2.181,92.3,0.780
1615,1783399644334530691,2.190,2.190,88.4,0.827
1620,1783399644502521376,2.200,2.190,88.0,0.800
1625,1783399644666511161,2.394,2.190,80.8,0.802
1630,1783399644834731751,2.323,2.200,83.3,0.775
1635,1783399645002936552,2.515,2.323,76.9,0.765
1640,1783399645166731276,2.396,2.394,80.8,0.806
1645,1783399645334661997,2.169,2.394,89.2,0.721
1650,1783399645502629417,2.090,2.323,92.6,0.779
1655,1783399645677210233,2.262,2.262,85.6,0.782
1660,1783399645834772655,2.360,2.262,82.0,0.792
1665,1783399646002601082,2.197,2.197,88.1,0.807
1670,1783399646167317114,1.925,2.197,100.5,0.781
1675,1783399646335244468,1.995,2.197,97.0,0.760
1680,1783399646502509185,2.059,2.059,94.0,0.721
1685,1783399646666533335,2.139,2.059,90.5,0.741
1690,1783399646834735581,1.980,1.995,97.7,0.735
1695,1783399646997785793,2.277,2.059,85.0,0.780
1700,1783399647166681755,2.248,2.139,86.1,0.811
1705,1783399647335351849,1.987,2.139,97.4,0.820
1710,1783399647508174108,1.848,1.987,104.7,0.779
1715,1783399647666581844,2.042,2.042,94.7,0.792
1720,1783399647835298145,1.860,1.987,104.0,0.816
1725,1783399648008426605,1.875,1.875,103.2,0.816
1730,1783399648166158570,1.764,1.860,109.7,0.787
1735,1783399648344242220,1.812,1.860,106.8,0.803
1740,1783399648508236303,1.959,1.860,98.8,0.757
1745,1783399648665643010,2.035,1.875,95.1,0.791
1750,1783399648844122311,1.787,1.812,108.3,0.680
1755,1783399649008202067,1.810,1.812,106.9,0.724
1760,1783399649176778062,1.724,1.810,112.2,0.657
1765,1783399649344278076,1.980,1.810,97.7,0.707
1770,1783399649508211223,1.835,1.810,105.4,0.673
1775,1783399649666133428,1.936,1.835,99.9,0.792
1780,1783399649833614687,1.925,1.925,100.5,0.741
1785,1783399649997385857,2.067,1.936,93.6,0.641
1790,1783399650166583280,2.551,1.936,75.9,0.625
1795,1783399650333623092,1.938,1.938,99.8,0.754
1800,1783399650507448415,2.090,2.067,92.6,0.700
1805,1783399650665695145,2.147,2.090,90.1,0.775
1810,1783399650844624370,2.204,2.147,87.8,0.760
1815,1783399650998297364,2.296,2.147,84.3,0.652
1820,1783399651166339567,2.430,2.204,79.6,0.671
1825,1783399651335782456,2.347,2.296,82.4,0.729
1830,1783399651498413674,2.369,2.347,81.7,0.751
1835,1783399651666113236,2.488,2.369,77.8,0.667
1840,1783399651834764283,2.346,2.369,82.5,0.790
1845,1783399651999126234,2.179,2.347,88.8,0.788
1850,1783399652166261516,2.387,2.369,81.1,0.729
1855,1783399652334728123,2.446,2.387,79.1,0.739
1860,1783399652498877601,2.217,2.346,87.3,0.811
1865,1783399652666304938,2.383,2.383,81.2,0.772
1870,1783399652844215219,2.413,2.387,80.2,0.770
1875,1783399652998696556,2.319,2.383,83.4,0.735
1880,1783399653166152687,2.337,2.337,82.8,0.747
1885,1783399653334899976,2.410,2.383,80.3,0.763
1890,1783399653499401572,2.409,2.409,80.3,0.801
1895,1783399653666908960,2.332,2.337,83.0,0.715
1900,1783399653834866791,2.370,2.370,81.6,0.784
1905,1783399653998874079,2.523,2.409,76.7,0.732
1910,1783399654166835839,2.441,2.409,79.3,0.734
1915,1783399654334816975,2.706,2.441,71.5,0.796
1920,1783399654498770831,2.590,2.523,74.7,0.793
1925,1783399654665872279,2.360,2.523,82.0,0.816
1930,1783399654835328413,2.364,2.441,81.9,0.783
1935,1783399654998921065,2.188,2.364,88.5,0.784
1940,1783399655166788726,2.020,2.360,95.8,0.719
1945,1783399655333969344,2.245,2.245,86.2,0.778
1950,1783399655509612676,2.133,2.188,90.7,0.746
1955,1783399655667021727,2.209,2.188,87.6,0.757
1960,1783399655834728252,2.194,2.194,88.2,0.816
1965,1783399655997937877,2.201,2.201,87.9,0.780
1970,1783399656166875768,2.136,2.194,90.6,0.773
1975,1783399656333819767,2.251,2.201,86.0,0.812
1980,1783399656498927283,2.205,2.201,87.8,0.809
1985,1783399656666930752,2.129,2.201,90.9,0.771
1990,1783399656834925193,1.978,2.136,97.8,0.741
1995,1783399656998810510,2.199,2.199,88.0,0.811
2000,1783399657166968471,2.109,2.129,91.7,0.806
2005,1783399657334858855,2.197,2.129,88.1,0.802
2010,1783399657498946726,2.273,2.197,85.1,0.818
2015,1783399657666981414,2.199,2.199,88.0,0.763
2020,1783399657835698275,2.199,2.199,88.0,0.773
2025,1783399658008543278,2.168,2.199,89.2,0.744
2030,1783399658167458025,2.070,2.199,93.5,0.786
2035,1783399658334988166,2.012,2.168,96.2,0.828
2040,1783399658508988991,2.155,2.155,89.8,0.793
2045,1783399658665915086,2.053,2.070,94.3,0.771
2050,1783399658834025969,2.257,2.070,85.7,0.792
2055,1783399658998379434,2.019,2.053,95.8,0.754
2060,1783399659175930824,2.366,2.155,81.8,0.752
2065,1783399659344752144,2.225,2.225,87.0,0.771
2070,1783399659509447187,1.996,2.225,96.9,0.809
2075,1783399659676428647,2.019,2.019,95.9,0.812
2080,1783399659835822394,1.977,2.019,97.9,0.820
2085,1783399660007957952,1.813,1.996,106.7,0.762
2090,1783399660175946572,2.034,1.996,95.1,0.742
2095,1783399660344975787,1.909,1.977,101.4,0.725
2100,1783399660508852287,1.837,1.909,105.3,0.732
2105,1783399660665957623,1.678,1.837,115.3,0.695
2110,1783399660835714358,1.699,1.837,113.9,0.746
2115,1783399661009234943,1.711,1.711,113.1,0.724
2120,1783399661166865774,1.788,1.711,108.2,0.553
2125,1783399661334198240,1.557,1.699,124.3,0.697
2130,1783399661498418783,1.429,1.699,135.4,0.777
2135,1783399661667017923,1.351,1.557,143.2,0.776
2140,1783399661834222996,1.092,1.429,177.2,0.652
2145,1783399661998515196,1.473,1.429,131.4,0.812
2150,1783399662166613393,1.453,1.429,133.2,0.810
2155,1783399662334881454,1.474,1.453,131.3,0.794
2160,1783399662497028403,1.439,1.453,134.5,0.810
2165,1783399662665135919,1.500,1.473,129.0,0.822
2170,1783399662844356257,1.477,1.474,131.0,0.802
2175,1783399663009565094,1.355,1.474,142.8,0.821
2180,1783399663176576149,1.340,1.439,144.4,0.820
2185,1783399663334927218,1.346,1.355,143.8,0.836
2190,1783399663498617204,1.449,1.355,133.6,0.804
2195,1783399663676578522,1.414,1.355,136.9,0.821
2200,1783399663834018612,1.424,1.414,135.9,0.800
2205,1783399663998955795,1.425,1.424,135.8,0.752
2210,1783399664166782057,1.375,1.424,140.8,0.816
2215,1783399664331046833,1.381,1.414,140.1,0.803
2220,1783399664499133470,1.328,1.381,145.7,0.837
2225,1783399664666860113,1.338,1.375,144.6,0.809
2230,1783399664831093751,1.232,1.338,157.0,0.798
2235,1783399664999037657,1.204,1.328,160.8,0.812
2240,1783399665166046519,1.335,1.328,144.9,0.807
2245,1783399665331076828,1.591,1.335,121.6,0.784
2250,1783399665499099864,1.571,1.335,123.2,0.807
2255,1783399665677367784,1.449,1.449,133.6,0.812
2260,1783399665830971226,1.626,1.571,119.0,0.794
2265,1783399665999015422,1.396,1.571,138.6,0.788
2270,1783399666167274115,1.515,1.515,127.7,0.821
2275,1783399666330983288,1.533,1.515,126.2,0.823
2280,1783399666498960857,1.554,1.533,124.5,0.789
2285,1783399666666998591,1.649,1.533,117.4,0.793
2290,1783399666831045754,1.627,1.554,118.9,0.757
2295,1783399666999300861,1.667,1.627,116.1,0.802
2300,1783399667167044086,1.812,1.649,106.8,0.723
2305,1783399667331161703,2.235,1.667,86.6,0.628
2310,1783399667499182365,3.441,1.812,56.2,0.437
2315,1783399667667218354,,1.812,,
2320,1783399667831316545,,1.812,,
2325,1783399668009397661,,1.812,,
2330,1783399668167340064,,1.812,,
2335,1783399668341368422,,1.812,,
2340,1783399668509146103,,1.812,,
2345,1783399668676960713,7.847,2.235,24.7,0.463
2350,1783399668840434610,3.229,3.229,59.9,0.810
2355,1783399668997280162,3.334,3.334,58.0,0.822
2360,1783399669167085189,3.142,3.334,61.6,0.820
2365,1783399669340402107,3.182,3.229,60.8,0.810
2370,1783399669509057343,3.186,3.186,60.7,0.821
2375,1783399669676937287,3.260,3.186,59.4,0.811
2380,1783399669840078592,3.121,3.182,62.0,0.830
2385,1783399670009203589,3.002,3.182,64.5,0.820
2390,1783399670177231274,3.142,3.142,61.6,0.805
2395,1783399670340733103,3.266,3.142,59.2,0.803
2400,1783399670508740750,3.123,3.123,62.0,0.813
2405,1783399670677237333,3.152,3.142,61.4,0.807
2410,1783399670831038310,3.121,3.142,62.0,0.816
2415,1783399670998339627,3.102,3.123,62.4,0.793
2420,1783399671166651050,2.908,3.121,66.5,0.807
2425,1783399671340336668,2.719,3.102,71.2,0.727
2430,1783399671509251356,2.913,2.913,66.4,0.813
2435,1783399671677428854,2.874,2.908,67.3,0.760
2440,1783399671840276353,2.944,2.908,65.7,0.798
2445,1783399672009877341,2.911,2.911,66.5,0.771
2450,1783399672177531258,2.952,2.913,65.5,0.789
2455,1783399672340987851,2.862,2.911,67.6,0.705
2460,1783399672499088295,2.979,2.944,64.9,0.727
2465,1783399672667413083,3.160,2.952,61.2,0.786
2470,1783399672831103691,3.158,2.979,61.3,0.805
2475,1783399672998881321,2.992,2.992,64.7,0.778
2480,1783399673166960814,3.069,3.069,63.1,0.740
2485,1783399673341328505,3.011,3.069,64.3,0.784
2490,1783399673499045561,3.036,3.036,63.7,0.786
2495,1783399673667461782,3.040,3.036,63.6,0.809
2500,1783399673831399698,3.111,3.040,62.2,0.793
2505,1783399673999094212,3.013,3.036,64.2,0.800
2510,1783399674167326203,3.090,3.040,62.6,0.818
2515,1783399674331352146,2.971,3.040,65.1,0.824
2520,1783399674499226731,2.943,3.013,65.7,0.820
2525,1783399674667353674,2.875,2.971,67.3,0.809
2530,1783399674831473886,2.799,2.943,69.1,0.817
2535,1783399674999228222,2.780,2.875,69.6,0.790
2540,1783399675178024053,2.766,2.799,69.9,0.797
2545,1783399675331393371,2.689,2.780,72.0,0.789
2550,1783399675498773638,2.646,2.766,73.1,0.779
2555,1783399675666371426,2.415,2.689,80.1,0.821
2560,1783399675831252231,2.348,2.646,82.4,0.816
2565,1783399675999101397,2.379,2.415,81.4,0.809
2570,1783399676167447756,2.173,2.379,89.0,0.813
2575,1783399676331443182,2.129,2.348,90.9,0.810
2580,1783399676499162842,2.120,2.173,91.3,0.793
2585,1783399676666527509,2.158,2.158,89.7,0.809
2590,1783399676831466464,2.179,2.158,88.8,0.791
2595,1783399676999466556,1.966,2.129,98.4,0.801
2600,1783399677177148194,1.943,2.120,99.6,0.800
2605,1783399677331434723,1.665,1.966,116.2,0.799
2610,1783399677499341017,1.770,1.943,109.4,0.785
2615,1783399677667212515,1.774,1.774,109.1,0.813
2620,1783399677831322087,1.736,1.770,111.4,0.821
2625,1783399677999290740,1.537,1.736,125.9,0.824
2630,1783399678167476755,1.496,1.736,129.4,0.831
2635,1783399678331282992,1.473,1.537,131.4,0.830
2640,1783399678498315418,1.455,1.496,133.0,0.822
2645,1783399678667296010,1.444,1.473,134.0,0.826
2650,1783399678831456389,1.397,1.455,138.5,0.825
2655,1783399678999226085,1.374,1.444,140.9,0.810
2660,1783399679167364249,1.326,1.397,146.0,0.821
2665,1783399679331386365,1.326,1.374,146.0,0.838
2670,1783399679499222427,1.342,1.342,144.2,0.824
2675,1783399679666598064,1.397,1.342,138.5,0.820
2680,1783399679831335508,1.384,1.342,139.8,0.832
2685,1783399679999573412,1.422,1.384,136.1,0.833
2690,1783399680176841535,1.430,1.397,135.4,0.827
2695,1783399680344503937,1.425,1.422,135.8,0.821
2700,1783399680499540208,1.463,1.425,132.3,0.830
2705,1783399680677369475,1.516,1.430,127.6,0.830
2710,1783399680842583392,1.569,1.463,123.3,0.852
2715,1783399681008751329,1.526,1.516,126.8,0.838
2720,1783399681167330419,1.466,1.516,132.0,0.853
2725,1783399681341170881,1.528,1.526,126.6,0.853
2730,1783399681498485373,1.572,1.528,123.1,0.839
2735,1783399681667547951,1.465,1.526,132.1,0.849
2740,1783399681841108090,1.587,1.528,121.9,0.839
2745,1783399681998631189,1.633,1.572,118.5,0.860
2750,1783399682172817997,1.660,1.587,116.5,0.845
2755,1783399682331126765,1.677,1.633,115.4,0.841
2760,1783399682499171132,1.679,1.660,115.3,0.829
2765,1783399682672336132,1.658,1.660,116.7,0.832
2770,1783399682841037405,1.745,1.677,110.9,0.830
2775,1783399683009629289,1.966,1.679,98.4,0.818
2780,1783399683172858562,2.456,1.745,78.8,0.814
2785,1783399683340625612,3.355,1.966,57.7,0.766
2790,1783399683509096928,3.809,2.456,50.8,0.629
2795,1783399683672947539,5.096,3.355,38.0,0.609
2800,1783399683829745671,5.854,3.809,33.1,0.419
2805,1783399684009812404,,3.809,,
2810,1783399684173244611,,3.809,,
2815,1783399684340982105,,3.809,,
2820,1783399684509071487,6.704,5.096,28.9,0.414
2825,1783399684672930745,,5.096,,
2830,1783399684841372625,,5.096,,
2835,1783399685010001450,,5.096,,
2840,1783399685173141403,,5.096,,
2845,1783399685341361593,,5.096,,
2850,1783399685509743540,,5.096,,
2855,1783399685672901687,,5.096,,
2860,1783399685841867771,,,,
2865,1783399686009827186,,,,
2870,1783399686173420729,,,,
2875,1783399686340819861,,,,
2880,1783399686509249739,,,,
2885,1783399686673185983,,,,
2890,1783399686841179182,,,,
2895,1783399686998455201,,,,
2900,1783399687173093486,,,,
2905,1783399687341121501,,,,
2910,1783399687498592179,,,,
2915,1783399687673097872,,,,
2920,1783399687841421457,,,,
2925,1783399688009413414,,,,
2930,1783399688174196504,,,,
2935,1783399688330412913,,,,
2940,1783399688498538343,,,,
2945,1783399688662045753,,,,
2950,1783399688829828964,,,,
2955,1783399688998489980,,,,
2960,1783399689162874533,,,,
2965,1783399689330006268,,,,
2970,1783399689510077068,,,,
2975,1783399689662251720,,,,
2980,1783399689830100806,,,,
2985,1783399689997988205,,,,
2990,1783399690162208898,,,,
2995,1783399690329987781,,,,
3000,1783399690498522748,,,,
3005,1783399690673250242,,,,
3010,1783399690841415518,,,,
3015,1783399691009650846,,,,
3020,1783399691173323289,,,,
3025,1783399691330787154,,,,
3030,1783399691510570450,,,,
3035,1783399691661832741,,,,
3040,1783399691841211258,,,,
3045,1783399691997642003,,,,
3050,1783399692162255200,,,,
3055,1783399692341253405,,,,
3060,1783399692498341929,,,,
3065,1783399692672925850,,,,
3070,1783399692830458556,,,,
3075,1783399692998110928,,,,
3080,1783399693161941832,,,,
3085,1783399693329943327,,,,
3090,1783399693498699944,,,,
3095,1783399693662253882,,,,
3100,1783399693829845439,,,,
3105,1783399694010263498,,,,
3110,1783399694162729673,,,,
3115,1783399694342388292,,,,
3120,1783399694498716071,,,,
3125,1783399694662671471,,,,
3130,1783399694830172847,,,,
3135,1783399695010659015,,,,
3140,1783399695162218690,,,,
3145,1783399695341975775,,,,
3150,1783399695499128640,,,,
3155,1783399695662014261,,,,
3160,1783399695830770458,3.953,,49.0,0.642
3165,1783399695998647777,3.573,3.763,54.2,0.674
3170,1783399696173485340,3.786,3.786,51.1,0.719
3175,1783399696331341889,3.772,3.779,51.3,0.800
3180,1783399696511082353,3.554,3.772,54.5,0.817
3185,1783399696662153852,3.389,3.573,57.1,0.821
3190,1783399696829215153,3.117,3.554,62.1,0.830
3195,1783399696998713447,2.750,3.389,70.4,0.827
3200,1783399697162062707,2.721,3.117,71.1,0.808
3205,1783399697330704947,2.884,2.884,67.1,0.785
3210,1783399697498700802,3.001,2.884,64.5,0.834
3215,1783399697662112840,3.265,2.884,59.3,0.766
3220,1783399697830165432,3.484,3.001,55.5,0.819
3225,1783399697999076442,3.554,3.265,54.4,0.826
3230,1783399698162917505,3.590,3.484,53.9,0.796
3235,1783399698330965758,3.545,3.545,54.6,0.790
3240,1783399698499849226,3.481,3.545,55.6,0.762
3245,1783399698663998063,2.314,3.545,83.6,0.524
3250,1783399698831921380,3.896,3.545,49.7,0.769
3255,1783399698999785254,4.132,3.545,46.8,0.671
3260,1783399699163060233,3.997,3.896,48.4,0.698
3265,1783399699331909777,2.387,3.896,81.1,0.477
3270,1783399699494841815,2.123,3.896,91.1,0.616
3275,1783399699663350382,2.033,2.387,95.2,0.641
3280,1783399699831949190,2.168,2.168,89.3,0.779
3285,1783399700005378010,2.339,2.168,82.7,0.788
3290,1783399700162211750,2.594,2.168,74.6,0.796
3295,1783399700332011176,2.365,2.339,81.8,0.802
3300,1783399700496253861,2.364,2.364,81.9,0.706
3305,1783399700673522876,2.671,2.365,72.4,0.760
3310,1783399700831768385,3.049,2.594,63.5,0.763
3315,1783399701005533013,3.057,2.671,63.3,0.795
3320,1783399701173873250,3.192,3.049,60.6,0.420
3325,1783399701342206385,5.670,3.057,34.1,0.566
3330,1783399701505562678,,3.057,,
3335,1783399701664264211,3.109,3.109,62.2,0.607
3340,1783399701831403752,,3.109,,
3345,1783399702005037300,,3.109,,
3350,1783399702163044536,,3.109,,
3355,1783399702342000161,5.918,3.192,32.7,0.566
3360,1783399702505906056,6.435,5.670,30.1,0.592
3365,1783399702673488736,5.960,5.918,32.5,0.502
3370,1783399702830934287,,5.918,,
3375,1783399703008895085,,5.918,,
3380,1783399703163429293,,5.918,,
3385,1783399703330541411,,5.918,,
3390,1783399703494172305,,5.918,,
3395,1783399703663845201,,5.918,,
3400,1783399703831981050,,5.918,,
3405,1783399704005944705,,,,
3410,1783399704174505481,,,,
3415,1783399704332846660,,,,
3420,1783399704494661259,,,,
3425,1783399704663494070,,,,
3430,1783399704832631590,,,,
3435,1783399704996013892,,,,
3440,1783399705163759902,,,,
3445,1783399705331868781,,,,
3450,1783399705495658135,,,,
3455,1783399705663475571,,,,
3460,1783399705832098435,,,,
3465,1783399706007499066,,,,
3470,1783399706163940211,,,,
3475,1783399706331943339,,,,
3480,1783399706496047992,3.699,,52.3,0.673
3485,1783399706664044427,,,,
3490,1783399706831959167,,,,
3495,1783399706997131676,,,,
3500,1783399707163490585,,,,
3505,1783399707331115726,,,,
3510,1783399707495630617,,,,
3515,1783399707664161426,,,,
3520,1783399707831844527,,,,
3525,1783399707996040353,,,,
3530,1783399708174903733,,,,
3535,1783399708331087309,,,,
3540,1783399708496142234,,,,
3545,1783399708664092632,,,,
3550,1783399708832320446,,,,
3555,1783399708995214342,,,,
3560,1783399709164163555,,,,
3565,1783399709332031185,,,,
3570,1783399709496118765,,,,
3575,1783399709664088540,3.530,,54.8,0.473
3580,1783399709831359890,2.037,2.784,95.0,0.549
3585,1783399709995959913,,2.784,,
3590,1783399710164066046,,2.784,,
3595,1783399710332068282,2.539,2.539,76.2,0.417
3600,1783399710495920727,,2.539,,
3605,1783399710662923538,1.081,2.288,179.1,0.424
3610,1783399710830922547,,2.288,,
3615,1783399710995922528,,2.288,,
3620,1783399711163876653,,2.288,,
3625,1783399711332361415,7.382,2.539,26.2,0.363
3630,1783399711495479395,8.155,2.539,23.7,0.559
3635,1783399711663443199,8.927,7.382,21.7,0.457
3640,1783399711831153932,1.835,7.382,105.4,0.676
3645,1783399711993924254,7.691,7.691,25.2,0.530
3650,1783399712162977703,8.278,8.155,23.4,0.718
3655,1783399712331064269,7.824,7.824,24.7,0.492
3660,1783399712505757979,7.814,7.814,24.8,0.571
3665,1783399712662542745,8.376,7.824,23.1,0.431
3670,1783399712831176349,8.213,8.213,23.6,0.480
3675,1783399712994883016,8.138,8.138,23.8,0.366
3680,1783399713162278432,8.474,8.213,22.8,0.412
3685,1783399713342035687,8.444,8.376,22.9,0.353
3690,1783399713506436201,,8.376,,
3695,1783399713662755605,4.090,8.213,47.3,0.520
3700,1783399713830526562,3.967,8.138,48.8,0.476
3705,1783399713995063935,4.040,4.090,47.9,0.373
3710,1783399714162653159,,4.090,,
3715,1783399714341961883,,4.090,,
3720,1783399714494674766,,4.090,,
3725,1783399714662582622,,4.090,,
3730,1783399714831137859,,4.090,,
3735,1783399714995166487,,4.090,,
3740,1783399715174398115,,4.090,,
3745,1783399715332140980,,,,
3750,1783399715494224048,,,,
3755,1783399715663029968,,,,
3760,1783399715831385193,,,,
3765,1783399715995211709,,,,
3770,1783399716162792476,,,,
3775,1783399716331241440,,,,
3780,1783399716495269708,,,,
3785,1783399716662963700,,,,
3790,1783399716831266196,,,,
3795,1783399716995454317,,,,
3800,1783399717163456663,,,,
3805,1783399717331419234,,,,
3810,1783399717495356610,,,,
3815,1783399717663501988,,,,
3820,1783399717831429272,,,,
3825,1783399718005904157,,,,
3830,1783399718163418618,,,,
3835,1783399718331365079,,,,
3840,1783399718499416859,,,,
3845,1783399718663353873,,,,
3850,1783399718831391346,,,,
3855,1783399718999278424,,,,
3860,1783399719163413735,,,,
3865,1783399719341084954,,,,
3870,1783399719499390065,,,,
3875,1783399719663342459,,,,
3880,1783399719830321785,,,,
3885,1783399719999281107,,,,
3890,1783399720163002352,,,,
3895,1783399720331218464,,,,
3900,1783399720495367021,,,,
3905,1783399720663343408,,,,
3910,1783399720831478857,,,,
3915,1783399721006278549,,,,
3920,1783399721163411526,,,,
3925,1783399721331318502,,,,
3930,1783399721495719086,,,,
3935,1783399721663317797,,,,
3940,1783399721830477155,,,,
3945,1783399721995359272,,,,
3950,1783399722174259401,,,,
3955,1783399722331418468,,,,
3960,1783399722506112850,,,,
3965,1783399722663390421,,,,
3970,1783399722831122295,,,,
3975,1783399722995110146,,,,
3980,1783399723162330758,,,,
3985,1783399723331268910,,,,
3990,1783399723494377012,,,,
3995,1783399723662082837,,,,
4000,1783399723831789868,,,,
4005,1783399723995252012,,,,
4010,1783399724163143959,,,,
4015,1783399724331161574,,,,
4020,1783399724495163572,,,,
4025,1783399724673909619,,,,
4030,1783399724830554480,,,,
4035,1783399724994599630,,,,
4040,1783399725162572601,,,,
4045,1783399725331275096,,,,
4050,1783399725495453929,,,,
4055,1783399725663355555,,,,
4060,1783399725831185154,,,,
4065,1783399725995278937,,,,
4070,1783399726163013756,,,,
4075,1783399726331043715,,,,
4080,1783399726495520994,,,,
4085,1783399726662708716,,,,
4090,1783399726831249734,,,,
4095,1783399726996002687,,,,
4100,1783399727163134161,,,,
4105,1783399727331711839,,,,
4110,1783399727495610431,,,,
4115,1783399727663080518,,,,
4120,1783399727831170000,,,,
4125,1783399727995474341,,,,
4130,1783399728163504160,,,,
4135,1783399728331557463,,,,
4140,1783399728495152690,,,,
4145,1783399728663556488,,,,
4150,1783399728831632013,,,,
4155,1783399728995502902,,,,
4160,1783399729163485621,,,,
4165,1783399729331602004,,,,
4170,1783399729495759086,,,,
4175,1783399729663659990,,,,
4180,1783399729830929246,,,,
4185,1783399729995555448,,,,
4190,1783399730163494976,,,,
4195,1783399730331556876,,,,
4200,1783399730495712916,,,,
4205,1783399730663724280,,,,
4210,1783399730842130302,,,,
4215,1783399730995542752,,,,
4220,1783399731163517265,,,,
4225,1783399731331214122,,,,
4230,1783399731494705372,,,,
4235,1783399731663610811,,,,
4240,1783399731830549861,,,,
4245,1783399731995706780,,,,
4250,1783399732162708678,,,,
4255,1783399732331659805,,,,
4260,1783399732495705636,,,,
4265,1783399732662643364,,,,
4270,1783399732831694720,,,,
4275,1783399732995612950,,,,
4280,1783399733163702822,,,,
4285,1783399733330826893,,,,
4290,1783399733494712611,,,,
4295,1783399733663602130,,,,
4300,1783399733831701591,,,,
4305,1783399734005378552,,,,
4310,1783399734163745912,,,,
4315,1783399734330768159,,,,
4320,1783399734494952082,,,,
4325,1783399734662680328,,,,
4330,1783399734831726004,,,,
4335,1783399734995329786,,,,
4340,1783399735162367453,,,,
4345,1783399735331698340,,,,
4350,1783399735495548881,,,,
4355,1783399735662936502,,,,
4360,1783399735830704334,,,,
4365,1783399735995162688,,,,
4370,1783399736164102233,,,,
4375,1783399736341642022,,,,
4380,1783399736495552687,,,,
4385,1783399736663482956,,,,
4390,1783399736842142089,,,,
4395,1783399736995361282,,,,
4400,1783399737163706821,,,,
4405,1783399737331464793,,,,
4410,1783399737495333468,,,,
4415,1783399737663167315,,,,
4420,1783399737827888477,,,,
4425,1783399737995659464,,,,
4430,1783399738163906715,,,,
4435,1783399738328544970,,,,
4440,1783399738495922953,,,,
4445,1783399738663529188,,,,
4450,1783399738826861836,,,,
4455,1783399738995971583,,,,
4460,1783399739163883859,5.837,,33.2,0.418
4465,1783399739327723980,5.460,5.649,35.4,0.417
4470,1783399739496010196,,5.649,,
4475,1783399739663973869,,5.649,,
4480,1783399739828000082,,5.649,,
4485,1783399739995976720,,5.649,,
4490,1783399740164032849,,5.649,,
4495,1783399740338197746,,5.649,,
4500,1783399740496023468,,5.649,,
4505,1783399740663446466,,,,
4510,1783399740827630770,,,,
4515,1783399740996026452,,,,
4520,1783399741164032516,,,,
4525,1783399741328063219,,,,
4530,1783399741495830048,,,,
4535,1783399741663831142,,,,
4540,1783399741827529073,,,,
4545,1783399741995258382,,,,
4550,1783399742164014578,,,,
4555,1783399742327504295,,,,
4560,1783399742495273048,,,,
4565,1783399742664060604,,,,
4570,1783399742827259809,,,,
4575,1783399742995941464,,,,
4580,1783399743163018555,,,,
4585,1783399743327993539,,,,
